total_points,correct_decisions,total_decisions,accuracy,risk_score,awareness_score,decisions_last_7_days,failed_category,risk_level
414,40,61,65.57377049180327,35.15682911068828,63.39296464772403,13,password,1
200,18,24,75.0,28.605726193330085,64.6389419223195,16,phishing,1
796,75,81,92.5925925925926,8.359956407330806,81.89219399218437,8,social_engineering,0
88,8,70,11.428571428571429,80.16272982618703,21.032383846580608,16,wifi,2
68,6,30,20.0,74.61265526527015,25.93533717718339,7,phishing,2
279,27,92,29.347826086956523,61.15310117352021,43.23397127386296,1,password,2
795,77,96,80.20833333333334,40.9096993425547,66.89546171780134,12,password,1
550,51,84,60.71428571428571,29.11381204048015,62.474319652380444,2,phishing,1
854,82,84,97.61904761904762,18.4483163494833,86.18161345732395,15,phishing,0
174,15,97,15.463917525773196,72.81311256282079,20.935126319130852,5,password,2
65,4,33,12.121212121212121,83.11461605301005,24.048925010133225,18,social_engineering,2
30,2,12,16.666666666666664,79.19921391741238,27.182056359820727,6,password,2
147,11,31,35.483870967741936,52.60365845147357,48.212216648237316,9,password,2
241,24,62,38.70967741935484,70.66922824789985,33.535627724566375,8,phishing,2
36,3,11,27.27272727272727,72.38662745780982,23.900374805865145,1,social_engineering,2
857,84,97,86.5979381443299,15.658231120617538,83.76512685803876,14,password,0
376,35,39,89.74358974358975,23.070127819209436,83.362610135,4,password,0
253,22,47,46.808510638297875,56.25528210162986,42.93002184183442,3,wifi,1
106,8,11,72.72727272727273,37.385759744910914,59.77020556159792,3,phishing,1
396,38,73,52.054794520547944,56.52724833663903,43.35700060836697,3,wifi,1
562,52,69,75.36231884057972,28.391312482998224,78.17367256574614,17,wifi,0
133,9,30,30.0,68.8668144530426,27.83734649437486,3,password,2
403,38,42,90.47619047619048,14.626848239452071,78.8483836232628,16,phishing,0
154,13,85,15.294117647058824,87.47185824442879,16.76842216218682,11,social_engineering,2
46,4,67,5.970149253731343,94.64351873453782,11.87604551962382,16,password,2
25,2,31,6.451612903225806,85.46298239296814,6.549767177502512,9,social_engineering,2
883,86,98,87.75510204081633,14.212204804300427,80.58527745081847,0,social_engineering,0
312,28,58,48.275862068965516,52.866498868203166,39.97294092701671,17,phishing,2
218,17,68,25.0,60.9516980751961,36.00713015644723,17,wifi,2
488,46,51,90.19607843137256,22.175915194801544,76.83110438330671,13,phishing,0
122,8,69,11.594202898550725,84.90092612833534,20.075600610930792,14,social_engineering,2
751,73,89,82.02247191011236,19.803392418314424,83.21955927931906,11,password,0
135,11,24,45.83333333333333,52.73435730195808,49.684214047610546,3,social_engineering,1
187,16,71,22.535211267605636,68.36017418708188,28.687324745111212,2,password,2
109,6,71,8.450704225352112,93.58171261910599,13.247238442589202,19,password,2
470,45,56,80.35714285714286,28.479990801085037,70.94575254687825,11,phishing,0
168,12,71,16.901408450704224,82.67123289577592,26.91086586452718,6,social_engineering,2
396,39,60,65.0,30.800055541491382,71.88278722442335,10,wifi,1
426,41,64,64.0625,28.038511034302488,64.48678379698757,0,social_engineering,1
99,8,73,10.95890410958904,83.60075960643695,19.922791635071732,5,social_engineering,2
50,1,12,8.333333333333332,75.2224034371824,21.27967687145159,2,wifi,2
308,26,60,43.333333333333336,59.75576502138092,43.97077891234103,10,phishing,2
29,1,16,6.25,85.1899761112324,6.202846852015704,1,social_engineering,2
61,4,30,13.333333333333334,71.58502575929433,21.912602984224865,13,social_engineering,2
307,28,82,34.146341463414636,60.64516631727641,46.46957886083931,1,password,2
399,36,48,75.0,31.037532293317106,63.50605884715319,3,social_engineering,1
98,5,27,18.51851851851852,78.12590987363068,28.61491263122813,16,wifi,2
26,2,13,15.384615384615385,79.25915568821476,16.326366080873438,2,password,2
70,7,98,7.142857142857142,86.42679879742681,16.43083940374734,12,phishing,2
671,64,69,92.7536231884058,27.746583926537582,76.13642754365904,8,password,0
222,21,23,91.30434782608695,18.202198076867795,82.05089698603327,6,wifi,0
189,16,18,88.88888888888889,9.871835844918582,86.23437768901604,14,wifi,0
722,70,99,70.70707070707071,30.735800476985705,63.51708705043622,10,password,1
258,24,62,38.70967741935484,46.39781066602029,44.26597642522823,19,phishing,2
61,3,11,27.27272727272727,58.35174699083807,37.7271810339764,1,password,2
379,35,93,37.634408602150536,54.412172539316174,48.65108327130949,14,phishing,2
718,69,69,100.0,24.073254731860583,84.69284163710907,13,password,0
348,30,80,37.5,69.43777132907488,37.986318316186164,19,wifi,2
224,18,53,33.9622641509434,75.10316394334298,30.218131587363068,10,social_engineering,2
138,11,17,64.70588235294117,34.15457093954552,71.61437592552045,2,social_engineering,1
559,53,56,94.64285714285714,9.04539299674829,94.25430507277161,16,phishing,0
395,38,44,86.36363636363636,15.315685454799771,79.89005169652029,11,phishing,0
769,73,87,83.9080459770115,24.176797944978965,83.96710266913763,20,phishing,0
908,89,90,98.88888888888889,13.884375581564719,89.53027065655196,14,wifi,0
197,18,45,40.0,56.737098859553605,44.471713760055195,15,password,2
380,38,59,64.40677966101694,38.91187701313574,53.30791237113389,4,wifi,1
143,13,13,100.0,3.8357024661923482,95.10540840993616,10,social_engineering,0
66,2,11,18.181818181818183,82.10744120587928,17.099724218159242,3,phishing,2
169,12,15,80.0,26.769919585402832,80.52135260505057,5,password,0
121,12,63,19.047619047619047,70.0543074122528,30.878656991502957,18,social_engineering,2
37,1,13,7.6923076923076925,77.2792708707025,20.328740108705684,8,social_engineering,2
318,27,63,42.857142857142854,74.52708467400366,35.00892189620953,4,social_engineering,2
619,57,72,79.16666666666666,22.818511414286412,69.3959004522399,2,wifi,0
219,19,27,70.37037037037037,36.89242087172574,61.55854769451315,0,phishing,1
947,91,99,91.91919191919192,10.102411818644185,80.73808168478392,5,social_engineering,0
73,7,53,13.20754716981132,92.47918974421279,12.318892671125829,14,phishing,2
400,40,43,93.02325581395348,15.20376993219896,93.15776111178405,1,wifi,0
387,38,83,45.78313253012048,47.89819575266588,47.70255083834391,2,social_engineering,1
28,0,71,0.0,100.0,6.1104862131604705,16,wifi,2
58,2,23,8.695652173913043,80.94821252862185,14.896152080616103,11,wifi,2
122,12,57,21.052631578947366,82.4292471596237,25.786156073254606,17,phishing,2
271,24,24,100.0,13.067351404723327,92.01188666721235,14,social_engineering,0
629,62,81,76.5432098765432,34.549979081664254,71.54815645516452,11,wifi,0
249,24,87,27.586206896551722,49.90332613047936,40.45680498152973,15,social_engineering,2
568,55,96,57.291666666666664,53.48360415003057,55.77260299144994,7,phishing,1
365,32,71,45.07042253521127,48.633921516771196,55.89949832463527,13,wifi,1
403,37,49,75.51020408163265,18.65835948751463,77.43666242020804,16,phishing,0
82,5,94,5.319148936170213,98.16236386109406,8.425529436082886,20,social_engineering,2
592,57,89,64.04494382022472,25.782564619240503,69.8478593490581,7,social_engineering,1
457,43,91,47.25274725274725,67.32555103141523,40.129525759907324,14,phishing,2
471,44,62,70.96774193548387,19.128420090027795,73.12318771821094,13,password,0
359,31,33,93.93939393939394,21.309738528169156,82.76398102104676,17,wifi,0
206,20,35,57.14285714285714,37.540197409711105,63.2737721231871,19,social_engineering,1
818,79,98,80.61224489795919,10.079759683392469,81.85092972051635,6,social_engineering,0
357,35,69,50.72463768115942,38.13965841789682,56.69821814727996,2,wifi,1
340,34,50,68.0,20.047471999405055,70.20060872614124,11,phishing,1
182,18,38,47.368421052631575,55.38703968522404,43.98831962406608,20,phishing,1
213,19,24,79.16666666666666,31.073586220841634,64.95171899435837,2,phishing,1
192,17,54,31.48148148148148,68.72236092546676,33.24478876048842,19,password,2
467,46,74,62.16216216216216,42.74453612471244,53.200220029459906,13,password,1
526,48,98,48.97959183673469,42.91568698270271,53.08269524743699,14,social_engineering,1
166,13,80,16.25,84.94186944387636,19.92199453075571,13,phishing,2
142,14,18,77.77777777777779,9.22843048014654,81.73442623942053,6,wifi,0
332,30,97,30.927835051546392,70.49619031569598,37.561709588143756,16,social_engineering,2
27,0,10,0.0,90.5956662151364,16.449611272687218,3,wifi,2
66,2,17,11.76470588235294,91.29383550380881,12.062258160719322,3,social_engineering,2
157,15,97,15.463917525773196,72.25300773607668,29.611423666071005,8,password,2
593,56,72,77.77777777777779,27.168683930302933,80.67736603249011,5,social_engineering,0
134,10,20,50.0,43.96536521419557,49.74123837637872,15,password,1
141,11,90,12.222222222222221,69.67654671101926,21.902836532797327,20,social_engineering,2
113,9,17,52.94117647058824,37.14106620366026,57.6491371945305,1,phishing,1
323,31,44,70.45454545454545,46.03115666515919,59.86040890884462,7,wifi,1
181,15,44,34.090909090909086,53.369356532533544,37.32404880199612,10,phishing,2
115,7,42,16.666666666666664,80.3495428128902,21.306593888779595,12,social_engineering,2
92,5,14,35.714285714285715,78.40984190915265,31.498908414673554,0,social_engineering,2
125,11,50,22.0,82.16323343092017,24.95068844583063,7,social_engineering,2
233,23,37,62.16216216216216,49.335737863432186,51.0931759174396,20,password,1
106,7,16,43.75,55.75658004674311,35.51623813898974,13,wifi,2
370,35,82,42.68292682926829,69.7778030412031,36.84966724651109,14,wifi,2
83,7,81,8.641975308641975,75.80368768484716,26.175882478697055,5,social_engineering,2
200,17,21,80.95238095238095,16.546164461386233,75.7524954798051,10,social_engineering,0
317,27,43,62.7906976744186,22.32814433386784,69.54900136259928,12,password,1
287,27,42,64.28571428571429,48.11400739355777,60.078528995174075,0,phishing,1
366,36,57,63.1578947368421,46.621366807582696,56.76263845117887,5,phishing,1
269,26,32,81.25,31.462898729530224,75.12283725680489,8,wifi,0
626,62,71,87.32394366197182,28.93018930340969,78.64938870223565,7,password,0
192,16,97,16.49484536082474,86.12627706707178,15.309169973894672,10,social_engineering,2
102,8,46,17.391304347826086,73.61935726303584,26.72956977206499,18,wifi,2
340,32,53,60.37735849056604,45.98589776377498,52.622650442644826,8,password,1
848,83,95,87.36842105263159,14.052435815760518,82.28649594006187,16,phishing,0
167,12,44,27.27272727272727,63.869715551029344,34.82220366614489,11,password,2
298,28,74,37.83783783783784,72.1668257817599,33.310767332843234,13,phishing,2
155,12,56,21.428571428571427,83.66861893523213,18.369849685070506,14,password,2
478,45,87,51.724137931034484,50.855923732900536,56.99454206619639,15,wifi,1
37,2,12,16.666666666666664,76.33825847886402,22.529341808719735,5,phishing,2
51,5,10,50.0,60.97851566426556,41.16327591010952,5,wifi,1
10,1,14,7.142857142857142,77.01453900415872,25.611612057681057,11,wifi,2
726,68,99,68.68686868686868,45.72883707670423,56.10510616942228,19,phishing,1
144,14,23,60.86956521739131,41.456318710626206,62.596356751084116,0,phishing,1
259,24,36,66.66666666666666,21.74175752889453,73.0069118386016,9,social_engineering,1
20,1,18,5.555555555555555,91.01922902215286,9.228046528762956,7,social_engineering,2
131,9,88,10.227272727272728,81.05769050060485,11.026805555562106,17,social_engineering,2
231,23,24,95.83333333333334,18.595861097780997,79.09436545511525,0,wifi,0
292,29,99,29.292929292929294,70.25349498672993,29.49984638569535,1,wifi,2
512,49,51,96.07843137254902,24.160823872657282,78.88366131825217,0,social_engineering,0
51,4,86,4.651162790697675,91.4464639852833,17.564157066440778,0,wifi,2
559,54,60,90.0,28.76718536836587,73.24583596260125,8,wifi,0
324,32,72,44.44444444444444,59.127880204979846,45.74399811855135,12,phishing,2
566,53,61,86.88524590163934,10.683187391533037,89.44213379837102,0,phishing,0
37,0,13,0.0,86.40267523740626,16.279405390120377,12,wifi,2
199,17,32,53.125,36.614255558055255,54.804388764620214,19,social_engineering,1
148,14,24,58.333333333333336,42.29609253443803,52.791739082398905,6,password,1
513,48,52,92.3076923076923,10.91299129211615,86.32407057198662,1,social_engineering,0
143,10,38,26.31578947368421,67.85640624294987,31.593460857180403,5,password,2
234,20,45,44.44444444444444,46.83575167668469,44.077223233362986,6,social_engineering,2
231,21,22,95.45454545454545,13.822638052625999,78.97784389844036,13,phishing,0
303,26,41,63.41463414634146,27.07249453394361,68.4637916218825,17,wifi,1
503,48,80,60.0,52.43496084159456,56.995692976426454,14,wifi,1
336,32,68,47.05882352941176,55.087431082116304,41.53950905994471,1,phishing,1
9,0,95,0.0,92.28563414469586,7.355187017545792,9,password,2
229,20,37,54.054054054054056,42.39611596094607,51.52583829382179,11,password,1
585,54,75,72.0,28.064843510177887,74.15075791133748,16,password,0
72,5,51,9.803921568627452,73.09823944418949,22.515424866130004,7,phishing,2
301,27,54,50.0,38.75375369594174,55.386097872826795,10,password,1
696,68,71,95.77464788732394,23.49110897048748,76.8403435984321,2,phishing,0
89,4,66,6.0606060606060606,76.93855117112834,13.171564812080078,5,social_engineering,2
66,5,15,33.33333333333333,53.85973095361137,36.29354969937314,8,social_engineering,2
33,2,37,5.405405405405405,89.6732063212517,4.708169860785459,5,phishing,2
228,22,37,59.45945945945946,37.97059550754817,52.763831742468255,8,wifi,1
399,36,53,67.9245283018868,22.615095978661685,69.54541910395214,6,social_engineering,1
521,52,93,55.91397849462365,49.30383607649613,47.4733769102789,8,password,1
404,36,39,92.3076923076923,21.499357116390573,84.55235647520568,17,phishing,0
184,16,71,22.535211267605636,79.10876641295675,22.332206454429258,11,password,2
878,84,84,100.0,20.010939026250462,80.24241549287787,7,password,0
778,77,98,78.57142857142857,28.188604455028745,67.68117200913369,7,wifi,0
21,0,71,0.0,89.11759929045525,19.517475098201075,17,password,2
62,2,10,20.0,65.90955858708404,32.030742237659794,3,wifi,2
165,12,36,33.33333333333333,45.8836557828281,45.85819955308733,14,social_engineering,2
33,3,71,4.225352112676056,89.20396775368793,13.137362568668095,6,phishing,2
635,61,86,70.93023255813954,33.33785784947033,58.9389100200617,10,password,1
28,0,12,0.0,85.94527307655999,10.95918977947386,3,phishing,2
354,31,79,39.24050632911392,59.668287019865815,40.47995175449036,15,password,2
363,33,81,40.74074074074074,58.00471624631861,49.47973424738491,3,phishing,2
292,27,36,75.0,37.90927999111748,61.96165161568489,5,password,1
106,7,18,38.88888888888889,63.16924146908661,40.87593385154668,2,password,2
390,38,71,53.52112676056338,64.03846207765102,45.817874702330386,8,password,1
255,25,46,54.347826086956516,42.65800299059321,49.97177940736642,9,password,1
587,57,60,95.0,4.747488962634403,90.74714154775599,13,password,0
350,33,53,62.264150943396224,38.55983816986062,59.33168334209231,10,password,1
61,2,33,6.0606060606060606,86.07031301937639,12.366250551400235,17,password,2
525,49,88,55.68181818181818,45.785441388455666,52.43498011685525,11,password,1
150,11,68,16.176470588235293,86.02210821242313,22.13011183870797,11,password,2
37,0,41,0.0,88.580322012596,15.700330876741138,12,phishing,2
563,53,97,54.63917525773196,40.60507029682382,61.55303398499026,12,wifi,1
446,43,61,70.49180327868852,20.687318004226253,75.50013635302939,18,password,0
76,4,71,5.633802816901409,86.23069770579886,20.245109978627028,18,wifi,2
584,56,67,83.5820895522388,35.92740067294848,73.1738095567513,13,password,1
197,16,61,26.229508196721312,71.67766497189663,34.74630067910789,3,password,2
161,15,21,71.42857142857143,24.136382479864476,65.89491962396498,12,phishing,0
482,46,48,95.83333333333334,20.96794829608044,81.7600791075877,7,social_engineering,0
101,6,11,54.54545454545454,30.568912403959928,60.453795224882086,6,social_engineering,1
61,4,12,33.33333333333333,67.71695076076128,27.435193645913163,4,phishing,2
150,13,65,20.0,57.155254164246955,34.03523984270847,18,wifi,2
676,65,90,72.22222222222221,35.0685819887153,67.00732707027245,11,social_engineering,1
530,50,68,73.52941176470588,32.16423932192181,71.56755894793032,17,phishing,0
65,6,11,54.54545454545454,35.466310680838816,56.82344208047929,5,phishing,1
76,5,11,45.45454545454545,43.4107864831325,54.26599117776709,1,social_engineering,1
669,63,63,100.0,6.391336535766698,92.73339364334414,18,wifi,0
403,37,96,38.54166666666667,54.269055406683755,43.112005028534576,4,phishing,2
21,1,10,10.0,83.08745919849005,9.333040811213799,7,password,2
54,1,28,3.571428571428571,85.15365250770256,13.225303296046938,8,wifi,2
16,1,11,9.090909090909092,94.74745366710026,10.276107289068106,10,wifi,2
299,29,62,46.774193548387096,39.252123077525724,52.16803021313939,2,social_engineering,1
184,14,53,26.41509433962264,60.22708639368646,31.376513887951603,9,social_engineering,2
916,90,99,90.9090909090909,10.763597525279877,86.3318283114398,18,password,0
355,33,41,80.48780487804879,43.61081231789178,65.22370191448672,2,phishing,1
530,51,79,64.55696202531645,50.03004299328906,53.341409941169225,14,social_engineering,1
397,37,41,90.2439024390244,17.051809420978124,86.52158971247317,0,social_engineering,0
335,29,77,37.66233766233766,65.66684296691369,31.5715568498436,6,wifi,2
501,50,64,78.125,37.9480812688656,63.92513455530517,11,social_engineering,1
842,80,84,95.23809523809523,13.769977985380937,76.43264569517393,16,social_engineering,0
40,4,65,6.153846153846154,78.66881603912431,24.053104889066525,20,social_engineering,2
65,3,26,11.538461538461538,84.28480253157537,23.980936419949373,19,social_engineering,2
115,9,47,19.148936170212767,79.86729226068489,22.3841771062115,4,wifi,2
188,16,33,48.484848484848484,62.75538145569501,44.718590413631894,3,password,1
750,73,78,93.58974358974359,22.613601642610007,81.86585946671187,11,password,0
170,16,79,20.253164556962027,60.71556605888055,31.69560226919326,19,phishing,2
869,83,95,87.36842105263159,24.926917082203275,83.12214906351356,17,social_engineering,0
50,4,20,20.0,71.62496552976614,19.70391135734936,16,wifi,2
45,1,25,4.0,93.99716274427358,6.682186706681687,18,phishing,2
98,5,82,6.097560975609756,85.99678070111341,6.845961774755752,8,phishing,2
558,52,68,76.47058823529412,15.851607232356027,74.38252498226205,3,password,0
689,65,79,82.27848101265823,17.33044714799147,81.11023805456131,20,wifi,0
794,76,89,85.39325842696628,22.28527884501002,73.6155353080731,1,wifi,0
133,10,12,83.33333333333334,32.63444398866713,67.08556588728493,3,wifi,0
146,10,29,34.48275862068966,72.31435748861074,29.229640246080276,1,password,2
243,22,68,32.35294117647059,45.63522780810186,45.23955363807708,14,password,2
171,15,45,33.33333333333333,59.88450368625983,32.57556221621507,1,password,2
104,10,28,35.714285714285715,57.21695640081726,43.955891528191245,3,password,2
182,15,99,15.151515151515152,72.24886356515576,24.614483498297396,5,password,2
105,7,76,9.210526315789473,89.57625590529946,15.007213845689497,6,social_engineering,2
76,3,28,10.714285714285714,90.36065915649911,12.685173815339674,9,social_engineering,2
89,7,29,24.137931034482758,85.1740140690238,21.738073190774337,18,wifi,2
48,3,80,3.75,88.54959717260718,15.300259360777332,18,phishing,2
584,55,61,90.1639344262295,10.974798394063598,87.62382315373937,11,wifi,0
282,24,42,57.14285714285714,44.86696166278032,58.59237078510833,2,phishing,1
36,2,49,4.081632653061225,81.63627469767623,13.871348787432145,12,password,2
354,31,48,64.58333333333334,43.620578840264855,52.5056911352994,17,phishing,1
702,66,91,72.52747252747253,28.387949624550167,77.3917535738657,7,wifi,0
133,10,10,100.0,2.9541064949401523,95.97428383309149,4,wifi,0
178,17,20,85.0,32.111166076347764,73.85644073401929,14,phishing,0
625,60,66,90.9090909090909,14.12176815891582,92.32667931444975,0,social_engineering,0
501,50,98,51.02040816326531,54.297288429886976,52.853958323338695,2,password,1
188,18,59,30.508474576271187,72.27747189166226,36.05523282516188,7,password,2
208,20,32,62.5,33.65824082167528,64.96146358859065,3,wifi,1
79,4,40,10.0,72.14194060462003,24.23539576180275,15,social_engineering,2
186,17,51,33.33333333333333,61.84773611858556,39.79623881329672,9,phishing,2
90,9,16,56.25,49.86153354142856,47.561914927324,11,password,1
234,21,25,84.0,28.05613321611468,73.96535011988998,13,social_engineering,0
242,20,99,20.2020202020202,69.38842828473933,34.723288968137155,13,password,2
729,69,69,100.0,19.275788132965697,84.49231223687704,1,social_engineering,0
41,0,11,0.0,90.04771726365216,7.443340476750267,6,social_engineering,2
64,4,10,40.0,52.695666375091136,40.64153765888392,4,wifi,2
438,40,57,70.17543859649122,33.68213609816213,64.92845067108202,4,password,1
144,11,21,52.38095238095239,38.68832932698575,54.163553554652424,5,phishing,1
452,45,78,57.692307692307686,42.786577794935866,65.0153629087403,12,wifi,1
379,33,46,71.73913043478261,34.71239063028095,62.205158584476195,8,wifi,1
166,13,41,31.70731707317073,65.29331375991153,27.795881184554947,14,phishing,2
163,12,18,66.66666666666666,33.22621206758294,57.282743130532076,13,wifi,1
303,26,28,92.85714285714286,10.892235435830006,92.02421228989968,6,social_engineering,0
109,8,57,14.035087719298245,78.59375992055215,24.144286428542717,19,social_engineering,2
287,25,89,28.08988764044944,68.62203743448308,28.190045897142753,1,password,2
113,8,12,66.66666666666666,21.781965664247345,69.65227211270567,6,password,1
151,14,29,48.275862068965516,42.34448831546351,55.84808958244113,5,phishing,1
228,21,33,63.63636363636363,28.384972218371402,67.83937768289647,16,password,1
496,46,63,73.01587301587301,26.751183709210682,76.7912290854895,1,social_engineering,0
333,29,42,69.04761904761905,41.83266934749133,60.282915641562475,2,phishing,1
208,16,33,48.484848484848484,43.40315720114644,53.88871736280436,4,phishing,1
266,25,84,29.761904761904763,61.33753733009319,33.02031375500661,4,password,2
359,35,81,43.20987654320987,58.35284703074271,51.40787229236913,0,social_engineering,2
48,0,45,0.0,84.51021888069002,14.569813543232264,7,phishing,2
116,7,47,14.893617021276595,76.32164216858897,27.44384254701577,11,social_engineering,2
521,51,93,54.83870967741935,35.8168548560103,56.994204495556914,3,social_engineering,1
795,78,98,79.59183673469387,32.48974921603872,67.22204477714924,12,social_engineering,0
233,21,34,61.76470588235294,30.23843131356819,60.31230308382112,14,password,1
148,13,27,48.148148148148145,41.89718904920032,58.21191330900868,10,wifi,1
897,89,91,97.8021978021978,12.29082857065342,96.98951957170063,9,wifi,0
300,27,75,36.0,68.02065954377578,29.663474715940232,2,phishing,2
240,22,63,34.92063492063492,59.54711600040155,31.23280425109668,13,social_engineering,2
146,13,44,29.545454545454547,64.34817671293199,26.27093910545488,15,password,2
892,87,89,97.75280898876404,5.037889808220241,92.72184539071715,9,social_engineering,0
46,1,70,1.4285714285714286,75.70193498926784,17.498563739996044,9,social_engineering,2
455,44,50,88.0,15.796814600350269,74.67022732621345,11,password,0
255,25,42,59.523809523809526,47.38817080091933,57.7361014780842,8,wifi,1
137,13,77,16.883116883116884,68.8499061109203,30.320554066717506,0,social_engineering,2
84,6,42,14.285714285714285,69.70029311555666,26.08460232389644,4,social_engineering,2
37,2,23,8.695652173913043,90.20039781136221,17.8012658489674,19,wifi,2
164,14,30,46.666666666666664,43.18249206150172,49.1402871425088,7,password,1
231,22,57,38.59649122807017,68.07397265832465,41.04440392078173,10,phishing,2
144,13,29,44.827586206896555,54.4662963556534,41.81303799189366,11,wifi,2
125,10,17,58.82352941176471,49.40881005958153,58.35926338659209,0,phishing,1
180,14,16,87.5,18.281151488587426,83.7777060410018,10,phishing,0
214,17,76,22.36842105263158,71.17295203550833,35.36119515932142,4,wifi,2
275,25,26,96.15384615384616,20.031359261547394,89.6489040026619,14,social_engineering,0
416,37,42,88.09523809523809,10.069487539321287,85.69862121705363,4,phishing,0
371,34,57,59.64912280701754,58.301978763446364,50.9207309447055,11,phishing,1
149,14,85,16.470588235294116,75.38201782141732,22.40762007663109,4,password,2
645,63,68,92.64705882352942,23.405958639373043,74.3042794553654,16,social_engineering,0
886,88,95,92.63157894736842,17.76890163676292,79.03884044832719,16,phishing,0
236,22,31,70.96774193548387,29.524724296304505,71.3034278506472,11,password,0
382,36,39,92.3076923076923,0.0,93.68235287314113,14,social_engineering,0
295,27,47,57.446808510638306,53.133220906905265,47.94100880025496,14,wifi,1
110,9,60,15.0,80.80420993097432,20.029886317225767,5,wifi,2
401,38,63,60.317460317460316,40.98264862414595,64.25538762795145,11,password,1
166,16,17,94.11764705882352,27.29816889911491,79.3748303396368,17,wifi,0
223,21,36,58.333333333333336,41.04046135353609,57.7683656527124,13,phishing,1
264,25,36,69.44444444444444,25.829683510880816,70.21698147614906,1,social_engineering,1
296,29,30,96.66666666666667,5.533655607804969,89.65304233853692,8,phishing,0
248,24,39,61.53846153846154,40.90121281101989,52.991263923077554,4,phishing,1
207,16,37,43.24324324324324,49.45066567567112,41.70228596830938,19,wifi,2
127,12,73,16.43835616438356,68.02243895547947,28.826520621214794,0,phishing,2
289,24,78,30.76923076923077,59.70503894459071,35.69991489802495,2,wifi,2
692,67,70,95.71428571428572,32.65232687504131,76.67602084228683,5,social_engineering,0
118,9,57,15.789473684210526,73.30278237707057,27.8513941479303,4,social_engineering,2
37,2,28,7.142857142857142,90.52502796751965,6.420512813090496,20,phishing,2
110,8,13,61.53846153846154,37.46390713448005,64.14544488539387,10,password,1
469,44,44,100.0,8.73432282360916,84.04961120330475,4,wifi,0
208,17,73,23.28767123287671,61.08926839535508,37.79160658868898,0,wifi,2
494,46,58,79.3103448275862,31.717595540310626,70.80709088811065,16,phishing,0
47,3,26,11.538461538461538,84.00855507831821,15.769401557530813,18,wifi,2
501,46,53,86.79245283018868,25.623852742286644,72.41172327079984,13,wifi,0
248,21,39,53.84615384615385,60.687960391266586,49.189007386727376,11,password,1
346,33,55,60.0,42.07328000641453,65.53301523656401,9,password,1
153,14,15,93.33333333333333,7.874765743977193,94.59335341921161,3,phishing,0
100,7,46,15.217391304347828,81.84744357003042,19.54010365361523,20,password,2
203,18,33,54.54545454545454,49.8046333410372,52.60857625545448,17,phishing,1
444,41,55,74.54545454545455,19.94845975603028,74.07778240041839,10,social_engineering,0
443,40,62,64.51612903225806,28.565936030178424,69.33681883510795,1,phishing,1
94,5,69,7.246376811594203,73.13120252480694,17.657988133011045,17,social_engineering,2
543,51,72,70.83333333333334,35.013740119513265,64.49718063022327,6,phishing,1
252,25,94,26.595744680851062,71.33145911749995,29.529032561653324,14,wifi,2
366,33,41,80.48780487804879,16.252387889689018,78.30260683237518,10,password,0
622,58,96,60.416666666666664,60.88287833789137,48.39769860541891,17,social_engineering,1
89,5,42,11.904761904761903,86.27349594573849,21.915596273006337,11,phishing,2
345,32,76,42.10526315789473,63.64879397397518,40.79407073514294,5,password,2
222,20,27,74.07407407407408,25.524526690506303,75.14320588480095,19,phishing,0
253,21,34,61.76470588235294,56.1278056906087,51.271577502344996,12,password,1
238,20,63,31.746031746031743,55.45217614067606,37.1608707357932,19,password,2
44,3,67,4.477611940298507,92.60864853553642,13.201547349961281,15,phishing,2
788,74,76,97.36842105263158,1.7551689191271542,90.74124736020981,17,social_engineering,0
293,29,55,52.72727272727272,62.40532317951056,43.478890071477544,9,social_engineering,1
328,30,33,90.9090909090909,11.188402889191774,84.32694847583537,7,wifi,0
251,23,41,56.09756097560976,51.4340710806855,56.10774053967828,17,password,1
564,54,56,96.42857142857143,20.524782845327394,88.35605903118056,20,wifi,0
92,8,95,8.421052631578947,74.16932395091006,18.806595437192254,0,wifi,2
37,2,32,6.25,80.72415335678062,18.529358744527244,7,phishing,2
332,30,75,40.0,61.519967569638304,48.0997799936154,5,phishing,2
375,36,36,100.0,14.271734316898643,85.39641440256429,4,phishing,0
74,3,11,27.27272727272727,68.95178042850785,38.31917002178306,5,password,2
271,23,99,23.232323232323232,73.22365821149873,28.55097223112766,14,phishing,2
93,5,26,19.230769230769234,80.58081719109002,16.92578096730201,1,phishing,2
11,1,42,2.380952380952381,92.63989062087592,3.075780489641489,0,password,2
134,10,18,55.55555555555556,42.93525100335608,51.129210818365664,10,password,1
71,3,52,5.769230769230769,84.92263966993998,20.313324157613966,9,social_engineering,2
173,14,57,24.561403508771928,63.92806863462469,33.80274150183586,17,phishing,2
79,5,48,10.416666666666668,76.11987661723356,24.105632626781464,17,phishing,2
492,48,51,94.11764705882352,14.207010824132626,85.63949877589101,16,phishing,0
302,29,35,82.85714285714286,26.45588633983852,75.0896942448241,7,social_engineering,0
567,55,59,93.22033898305084,29.786221191924692,77.52532172056635,14,phishing,0
41,1,34,2.941176470588235,100.0,8.91679624865682,7,social_engineering,2
171,14,33,42.42424242424242,55.5319029086049,42.61978126287144,16,wifi,2
134,10,22,45.45454545454545,68.41473348489734,38.13564495722871,11,social_engineering,2
108,7,69,10.144927536231885,92.76237480988462,12.528181083209732,7,wifi,2
165,12,16,75.0,29.50607314783669,71.96450588127477,13,phishing,0
458,43,66,65.15151515151516,42.28646846624274,66.83447440599592,3,wifi,1
88,4,45,8.88888888888889,66.93142897159795,27.078061338970105,0,social_engineering,2
78,5,54,9.25925925925926,66.11561017191386,26.069674034278563,0,password,2
293,25,29,86.20689655172413,25.262418107025315,81.81682123208313,18,wifi,0
685,67,74,90.54054054054053,17.925602834361083,80.85739349831388,15,wifi,0
43,0,17,0.0,94.21582978997655,12.723547294164653,13,phishing,2
236,19,25,76.0,31.348771742303654,76.51303236160464,20,social_engineering,0
169,16,23,69.56521739130434,33.2302541408702,58.018897731511224,15,wifi,1
139,11,85,12.941176470588237,89.11825628932486,18.551038970396355,4,wifi,2
484,46,96,47.91666666666667,43.83700206134276,55.129379046045685,8,wifi,1
38,0,24,0.0,92.53199074142375,7.67665903866088,1,wifi,2
149,13,75,17.333333333333336,77.2277381306538,25.3041120912104,17,password,2
374,37,41,90.2439024390244,24.57714296613825,83.95050916846348,5,social_engineering,0
360,36,96,37.5,56.69279682592249,33.689525062672786,8,phishing,2
129,10,72,13.88888888888889,81.18104942219946,18.35581994415688,0,phishing,2
808,76,95,80.0,33.06421507377257,70.69022577483864,8,password,0
422,42,60,70.0,47.93020498332327,56.5239341706413,15,social_engineering,1
64,2,34,5.88235294117647,98.66093099997387,5.189717630768282,12,wifi,2
333,32,67,47.76119402985074,37.84580649076637,54.842896097396064,8,password,1
79,5,72,6.944444444444445,84.97094001242182,11.016971755011806,20,social_engineering,2
539,49,71,69.01408450704226,31.60146757793015,65.57284293041012,12,wifi,1
233,23,31,74.19354838709677,40.75939397213722,65.32935018145288,8,password,1
107,9,67,13.432835820895523,66.01534388926784,29.55985355902323,10,social_engineering,2
76,4,67,5.970149253731343,84.25204469704352,9.96205458030055,3,phishing,2
244,22,95,23.157894736842106,82.02950833650954,27.119452044252387,1,phishing,2
137,9,58,15.517241379310345,60.308867589129065,29.868398113140316,5,social_engineering,2
430,43,61,70.49180327868852,36.724303154852564,73.232113958787,13,phishing,1
55,1,51,1.9607843137254901,98.24577016924198,5.290655807905939,3,social_engineering,2
134,12,79,15.18987341772152,78.36462105889092,28.204764930091425,5,wifi,2
78,7,24,29.166666666666668,63.39531685883267,32.49707106809119,18,social_engineering,2
24,1,63,1.5873015873015872,79.35708684179282,10.929218711548373,5,wifi,2
688,64,69,92.7536231884058,27.884892372187082,76.87249799904352,1,password,0
63,4,17,23.52941176470588,86.24733225310632,20.4355596869072,17,social_engineering,2
83,8,62,12.903225806451612,79.92815585443378,24.881366784636594,12,password,2
171,16,69,23.18840579710145,64.3770580612296,28.479947684787156,8,phishing,2
116,8,14,57.14285714285714,50.61725867855007,54.45129976658931,6,wifi,1
776,74,77,96.1038961038961,13.905174185988006,91.47328145616481,18,social_engineering,0
182,14,15,93.33333333333333,13.19388566691223,89.97692464648887,12,password,0
235,23,56,41.07142857142857,69.2870124453818,36.035306210529924,10,wifi,2
408,37,64,57.8125,48.46392580400182,58.45450298955282,0,wifi,1
385,34,49,69.38775510204081,44.0547965575628,58.217285727186365,6,phishing,1
313,29,61,47.540983606557376,38.71180567356676,53.06028860582682,20,phishing,1
170,16,25,64.0,35.41345306800143,64.33910312534279,14,wifi,1
52,4,22,18.181818181818183,57.87523972630839,33.67774696712371,0,wifi,2
163,13,39,33.33333333333333,70.10503362685353,28.04582699379509,11,social_engineering,2
224,20,28,71.42857142857143,39.85817821663032,58.283951565882234,6,wifi,1
236,23,26,88.46153846153845,14.907224619710073,76.41297226309476,14,social_engineering,0
83,8,72,11.11111111111111,82.85340811578259,14.12300256360701,20,wifi,2
17,1,28,3.571428571428571,84.42324313724345,7.796718838582853,18,phishing,2
359,34,67,50.74626865671642,47.442597664390576,58.72210653579387,0,social_engineering,1
28,0,64,0.0,100.0,4.990923996990122,16,password,2
434,39,99,39.39393939393939,54.492183467434636,36.954146037724136,16,phishing,2
675,63,99,63.63636363636363,43.00524798838384,66.09705615745018,2,social_engineering,1
219,21,71,29.577464788732392,67.79476330673819,32.656768679996716,11,social_engineering,2
322,28,32,87.5,10.45710241997386,85.53421113910362,5,password,0
103,7,18,38.88888888888889,59.11880724312445,32.41843426239882,10,social_engineering,2
125,10,21,47.61904761904761,52.16582339270258,47.84666196870578,2,wifi,1
120,8,10,80.0,41.218038886149316,64.67227200366565,7,password,1
178,13,67,19.402985074626866,87.36627741652538,16.775452128808585,13,phishing,2
22,2,10,20.0,56.87577116239126,34.12874906688822,9,phishing,2
205,20,43,46.51162790697674,51.46382695942477,39.9942097479333,1,wifi,2
364,36,57,63.1578947368421,36.88273621767472,61.174729434978026,13,phishing,1
44,4,98,4.081632653061225,84.41859170649576,11.487218174463111,8,social_engineering,2
66,2,10,20.0,71.7008199359441,22.94686652517685,2,social_engineering,2
152,13,25,52.0,36.02342306442882,59.59666691374545,20,wifi,1
298,25,70,35.714285714285715,77.06175835899933,29.007896506938362,7,phishing,2
618,61,73,83.56164383561644,28.459452280632142,80.12510879200494,15,phishing,0
64,3,72,4.166666666666666,75.50083187294699,22.60122201760434,1,wifi,2
429,41,78,52.56410256410257,54.86757432213105,53.254645720518894,5,password,1
288,24,31,77.41935483870968,15.757980913328055,80.67193311162958,20,phishing,0
211,17,76,22.36842105263158,80.58884529905009,18.939894427825738,11,password,2
424,39,85,45.88235294117647,49.43883122189558,45.08174873442441,4,phishing,1
119,7,35,20.0,81.60636502427586,21.203155819241022,1,phishing,2
77,6,25,24.0,75.76320300388159,33.816419299614594,15,phishing,2
406,39,60,65.0,30.44392011092264,71.62594180994493,4,phishing,1
153,13,95,13.684210526315791,81.07831201233338,16.077969669937588,14,social_engineering,2
312,31,66,46.96969696969697,52.2970993145715,50.65924960523907,11,password,1
401,37,38,97.36842105263158,10.601724072007684,81.85668949730007,3,password,0
254,22,87,25.287356321839084,76.2366914564045,31.536490148903468,14,phishing,2
657,62,78,79.48717948717949,27.19328569208641,72.86839332351032,10,phishing,0
152,14,56,25.0,59.5468882481621,39.44010659263074,15,password,2
286,24,71,33.80281690140845,62.504496794014294,39.21279897505609,5,social_engineering,2
184,16,78,20.51282051282051,79.09529340379527,23.400383851992785,13,wifi,2
658,65,85,76.47058823529412,27.977129838536293,63.45838628599397,17,wifi,1
133,13,25,52.0,59.027407849769354,44.624936574698694,11,password,1
533,52,99,52.52525252525253,48.312092987083865,46.52654061922673,10,phishing,1
536,50,99,50.505050505050505,58.855679019285425,45.42337363084637,12,phishing,1
413,38,57,66.66666666666666,36.105041397527856,70.34565449015608,20,social_engineering,1
510,50,94,53.191489361702125,52.30152289603821,53.7776472550122,10,wifi,1
90,5,48,10.416666666666668,82.2488677873371,18.801151560820664,15,social_engineering,2
52,5,42,11.904761904761903,88.58421088502115,11.819186961193873,14,wifi,2
47,2,32,6.25,70.65472535979953,22.2027938669887,20,password,2
88,6,19,31.57894736842105,65.78747904915619,39.71944395890652,14,wifi,2
508,50,78,64.1025641025641,42.79276908888297,52.63541852005132,3,social_engineering,1
72,7,43,16.27906976744186,72.75395069781007,27.179957758548863,10,social_engineering,2
434,41,61,67.21311475409836,31.044225708418722,64.64125615013161,18,social_engineering,1
223,19,19,100.0,11.042060345058292,81.63450691493557,14,password,0
151,14,28,50.0,53.4251411072616,49.16601283057313,3,wifi,1
321,28,67,41.7910447761194,47.95987913296162,43.12676156349646,20,wifi,2
8,0,10,0.0,100.0,3.315490803265515,5,social_engineering,2
274,26,78,33.33333333333333,50.77110629855002,45.58062960667231,18,wifi,2
69,3,13,23.076923076923077,54.54164796893801,35.4610458911517,1,phishing,2
74,5,25,20.0,70.84213603816244,29.380446746582166,13,phishing,2
324,32,33,96.96969696969697,4.115369374782338,86.82166879576972,3,phishing,0
270,26,89,29.213483146067414,63.91729380787389,31.606097348544104,15,wifi,2
93,6,11,54.54545454545454,47.48369676973161,56.655832979382716,4,password,1
343,32,41,78.04878048780488,17.90613065405531,73.347661778382,19,password,0
684,67,93,72.04301075268818,47.90689912733179,58.87987071978826,13,password,1
247,21,33,63.63636363636363,28.917254568674124,61.15914388449754,14,password,1
17,1,21,4.761904761904762,74.99888122985745,19.9375961541806,2,phishing,2
94,9,59,15.254237288135593,83.42989374059378,21.388187382447637,7,phishing,2
87,4,44,9.090909090909092,88.0135441707735,8.311858823812642,15,social_engineering,2
115,9,42,21.428571428571427,59.169426630782475,32.868421130537804,9,wifi,2
337,32,42,76.19047619047619,32.22502178090812,64.97965659510044,3,wifi,1
375,37,70,52.85714285714286,47.94973474421545,47.458130983475066,17,password,1
156,12,60,20.0,87.56011097456518,19.294127068645917,1,phishing,2
347,30,52,57.692307692307686,43.50881090042676,52.7581474512761,16,password,1
152,14,21,66.66666666666666,37.310285988414115,68.46836344710603,12,social_engineering,1
537,51,76,67.10526315789474,43.765515179820156,64.07192771639454,3,wifi,1
554,55,74,74.32432432432432,35.11926344905688,63.55708494247371,10,wifi,1
152,14,42,33.33333333333333,63.975594647380355,44.223268229707486,6,password,2
296,28,49,57.14285714285714,34.24043826594756,63.3059228133163,11,social_engineering,1
119,7,83,8.433734939759036,85.12301187707479,24.158556452727368,9,wifi,2
79,4,52,7.6923076923076925,80.85602010903452,10.929770381476938,6,social_engineering,2
324,28,53,52.83018867924528,52.45144750304886,51.28893782701599,12,social_engineering,1
61,3,38,7.894736842105263,73.86069821263686,26.015582596501716,6,password,2
